{"textures":{"0":"modelengine:entity/kokushibo"},"elements":[{"from":[3.7759175,7.231208,8.0],"to":[7.7759175,9.231208,8.0],"faces":{"south":{"uv":[11.333334,5.8333335,12.0,6.166667],"tintindex":0,"rotation":0,"texture":"#0"},"north":{"uv":[10.666667,5.8333335,11.333334,6.166667],"tintindex":0,"rotation":0,"texture":"#0"}}}],"display":{"gui":{"rotation":[30,225,0]}}}