{"textures":{"0":"modelengine:entity/kokushibo"},"elements":[{"from":[7.7,8.2,6.8],"to":[9.7,10.2,7.8],"faces":{"east":{"uv":[10.666667,6.8333335,10.833334,7.166667],"tintindex":0,"rotation":0,"texture":"#0"},"south":{"uv":[11.333334,6.8333335,11.666667,7.166667],"tintindex":0,"rotation":0,"texture":"#0"},"north":{"uv":[10.833334,6.8333335,11.166667,7.166667],"tintindex":0,"rotation":0,"texture":"#0"},"west":{"uv":[11.166667,6.8333335,11.333334,7.166667],"tintindex":0,"rotation":0,"texture":"#0"},"up":{"uv":[11.166667,6.8333335,10.833334,6.666667],"tintindex":0,"rotation":0,"texture":"#0"},"down":{"uv":[11.5,6.666667,11.166667,6.8333335],"tintindex":0,"rotation":0,"texture":"#0"}}},{"from":[4.7,8.2,7.8],"to":[12.7,20.2,11.8],"faces":{"east":{"uv":[5.3333335,0.6666667,6.0,2.6666667],"tintindex":0,"rotation":0,"texture":"#0"},"south":{"uv":[8.0,0.6666667,9.333334,2.6666667],"tintindex":0,"rotation":0,"texture":"#0"},"north":{"uv":[6.0,0.6666667,7.3333335,2.6666667],"tintindex":0,"rotation":0,"texture":"#0"},"west":{"uv":[7.3333335,0.6666667,8.0,2.6666667],"tintindex":0,"rotation":0,"texture":"#0"},"up":{"uv":[7.3333335,0.6666667,6.0,0.0],"tintindex":0,"rotation":0,"texture":"#0"},"down":{"uv":[8.666667,0.0,7.3333335,0.6666667],"tintindex":0,"rotation":0,"texture":"#0"}}},{"from":[3.6999998,8.3,7.3],"to":[13.7,10.3,12.3],"faces":{"east":{"uv":[11.0,3.5,11.833334,3.8333335],"tintindex":0,"rotation":0,"texture":"#0"},"south":{"uv":[14.333334,3.5,16.0,3.8333335],"tintindex":0,"rotation":0,"texture":"#0"},"north":{"uv":[11.833334,3.5,13.5,3.8333335],"tintindex":0,"rotation":0,"texture":"#0"},"west":{"uv":[13.5,3.5,14.333334,3.8333335],"tintindex":0,"rotation":0,"texture":"#0"},"up":{"uv":[13.5,3.5,11.833334,2.6666667],"tintindex":0,"rotation":0,"texture":"#0"},"down":{"uv":[15.166667,2.6666667,13.5,3.5],"tintindex":0,"rotation":0,"texture":"#0"}}},{"from":[4.7,15.2,6.8],"to":[12.7,20.2,10.8],"faces":{"east":{"uv":[12.0,0.6666667,12.666667,1.5],"tintindex":0,"rotation":0,"texture":"#0"},"south":{"uv":[14.666667,0.6666667,16.0,1.5],"tintindex":0,"rotation":0,"texture":"#0"},"north":{"uv":[12.666667,0.6666667,14.0,1.5],"tintindex":0,"rotation":0,"texture":"#0"},"west":{"uv":[14.0,0.6666667,14.666667,1.5],"tintindex":0,"rotation":0,"texture":"#0"},"up":{"uv":[14.0,0.6666667,12.666667,0.0],"tintindex":0,"rotation":0,"texture":"#0"},"down":{"uv":[15.333334,0.0,14.0,0.6666667],"tintindex":0,"rotation":0,"texture":"#0"}}}],"display":{"gui":{"rotation":[30,225,0]}}}