{"textures":{"0":"modelengine:entity/kokushibo"},"elements":[{"from":[4.1467066,6.7988834,7.0],"to":[9.146708,8.798883,9.0],"faces":{"east":{"uv":[9.166667,6.166667,8.833334,6.5],"tintindex":0,"rotation":0,"texture":"#0"},"south":{"uv":[10.0,6.166667,9.166667,6.5],"tintindex":0,"rotation":0,"texture":"#0"},"north":{"uv":[8.833334,6.166667,8.0,6.5],"tintindex":0,"rotation":0,"texture":"#0"},"west":{"uv":[8.0,6.166667,7.666667,6.5],"tintindex":0,"rotation":0,"texture":"#0"},"up":{"uv":[8.0,6.166667,8.833334,5.8333335],"tintindex":0,"rotation":0,"texture":"#0"},"down":{"uv":[8.833334,5.8333335,9.666667,6.166667],"tintindex":0,"rotation":0,"texture":"#0"}}}],"display":{"gui":{"rotation":[30,225,0]}}}