{"textures":{"0":"modelengine:entity/kokushibo"},"elements":[{"from":[3.372693,8.056416,7.05],"to":[9.372694,10.056416,9.05],"faces":{"east":{"uv":[7.666667,4.3333335,8.0,4.666667],"tintindex":0,"rotation":0,"texture":"#0"},"south":{"uv":[9.333334,4.3333335,10.333334,4.666667],"tintindex":0,"rotation":0,"texture":"#0"},"north":{"uv":[8.0,4.3333335,9.0,4.666667],"tintindex":0,"rotation":0,"texture":"#0"},"west":{"uv":[9.0,4.3333335,9.333334,4.666667],"tintindex":0,"rotation":0,"texture":"#0"},"up":{"uv":[9.0,4.3333335,8.0,4.0],"tintindex":0,"rotation":0,"texture":"#0"},"down":{"uv":[10.0,4.0,9.0,4.3333335],"tintindex":0,"rotation":0,"texture":"#0"}}}],"display":{"gui":{"rotation":[30,225,0]}}}