{"textures":{"0":"modelengine:entity/kokushibo"},"elements":[{"from":[8.196073,6.335726,7.5],"to":[10.196073,8.335726,8.5],"faces":{"east":{"uv":[11.333334,6.3333335,11.166667,6.666667],"tintindex":0,"rotation":0,"texture":"#0"},"south":{"uv":[11.666667,6.3333335,11.333334,6.666667],"tintindex":0,"rotation":0,"texture":"#0"},"north":{"uv":[11.166667,6.3333335,10.833334,6.666667],"tintindex":0,"rotation":0,"texture":"#0"},"west":{"uv":[10.833334,6.3333335,10.666667,6.666667],"tintindex":0,"rotation":0,"texture":"#0"},"up":{"uv":[10.833334,6.3333335,11.166667,6.166667],"tintindex":0,"rotation":0,"texture":"#0"},"down":{"uv":[11.166667,6.166667,11.5,6.3333335],"tintindex":0,"rotation":0,"texture":"#0"}}}],"display":{"gui":{"rotation":[30,225,0]}}}