{"textures":{"0":"modelengine:entity/kokushibo"},"elements":[{"from":[5.8039274,6.335726,7.5],"to":[7.8039274,8.335726,8.5],"faces":{"east":{"uv":[10.666667,6.3333335,10.833334,6.666667],"tintindex":0,"rotation":0,"texture":"#0"},"south":{"uv":[11.333334,6.3333335,11.666667,6.666667],"tintindex":0,"rotation":0,"texture":"#0"},"north":{"uv":[10.833334,6.3333335,11.166667,6.666667],"tintindex":0,"rotation":0,"texture":"#0"},"west":{"uv":[11.166667,6.3333335,11.333334,6.666667],"tintindex":0,"rotation":0,"texture":"#0"},"up":{"uv":[11.166667,6.3333335,10.833334,6.166667],"tintindex":0,"rotation":0,"texture":"#0"},"down":{"uv":[11.5,6.166667,11.166667,6.3333335],"tintindex":0,"rotation":0,"texture":"#0"}}}],"display":{"gui":{"rotation":[30,225,0]}}}