{"textures":{"0":"modelengine:entity/kokushibo"},"elements":[{"from":[5.5,7.0,7.0],"to":[10.5,9.0,9.0],"faces":{"east":{"uv":[13.166667,4.3333335,12.833334,4.666667],"tintindex":0,"rotation":0,"texture":"#0"},"south":{"uv":[14.0,4.3333335,13.166667,4.666667],"tintindex":0,"rotation":0,"texture":"#0"},"north":{"uv":[12.833334,4.3333335,12.0,4.666667],"tintindex":0,"rotation":0,"texture":"#0"},"west":{"uv":[12.0,4.3333335,11.666667,4.666667],"tintindex":0,"rotation":0,"texture":"#0"},"up":{"uv":[12.0,4.3333335,12.833334,4.0],"tintindex":0,"rotation":0,"texture":"#0"},"down":{"uv":[12.833334,4.0,13.666667,4.3333335],"tintindex":0,"rotation":0,"texture":"#0"}}}],"display":{"gui":{"rotation":[30,225,0]}}}