{"textures":{"0":"modelengine:entity/kokushibo"},"elements":[{"from":[7.564121,5.155587,7.7076716],"to":[9.564121,14.155587,9.707672],"faces":{"east":{"uv":[10.333334,4.3333335,10.666667,5.8333335],"tintindex":0,"rotation":0,"texture":"#0"},"south":{"uv":[11.333334,4.3333335,11.666667,5.8333335],"tintindex":0,"rotation":0,"texture":"#0"},"north":{"uv":[10.666667,4.3333335,11.0,5.8333335],"tintindex":0,"rotation":0,"texture":"#0"},"west":{"uv":[11.0,4.3333335,11.333334,5.8333335],"tintindex":0,"rotation":0,"texture":"#0"},"up":{"uv":[11.0,4.3333335,10.666667,4.0],"tintindex":0,"rotation":0,"texture":"#0"},"down":{"uv":[11.333334,4.0,11.0,4.3333335],"tintindex":0,"rotation":0,"texture":"#0"}}}],"display":{"gui":{"rotation":[30,225,0]}}}