{"textures":{"0":"modelengine:entity/kokushibo"},"elements":[{"from":[7.45,7.75,7.9500003],"to":[8.45,8.75,7.9500003],"faces":{"south":{"uv":[12.166667,6.166667,12.333334,6.3333335],"tintindex":0,"rotation":0,"texture":"#0"},"north":{"uv":[12.0,6.166667,12.166667,6.3333335],"tintindex":0,"rotation":0,"texture":"#0"}}},{"from":[7.05,6.75,8.05],"to":[9.05,8.75,8.05],"faces":{"south":{"uv":[11.0,7.166667,11.333334,7.5],"tintindex":0,"rotation":0,"texture":"#0"},"north":{"uv":[10.666667,7.166667,11.0,7.5],"tintindex":0,"rotation":0,"texture":"#0"}}}],"display":{"gui":{"rotation":[30,225,0]}}}