{"textures":{"0":"modelengine:entity/kokushibo"},"elements":[{"from":[3.7365074,7.557493,4.5532703],"to":[12.236507,16.057493,13.05327],"faces":{"east":{"uv":[0.0,10.0,1.3333334,11.333334],"tintindex":0,"rotation":0,"texture":"#0"},"south":{"uv":[4.0,10.0,5.3333335,11.333334],"tintindex":0,"rotation":0,"texture":"#0"},"north":{"uv":[1.3333334,10.0,2.6666667,11.333334],"tintindex":0,"rotation":0,"texture":"#0"},"west":{"uv":[2.6666667,10.0,4.0,11.333334],"tintindex":0,"rotation":0,"texture":"#0"},"up":{"uv":[2.6666667,10.0,1.3333334,8.666667],"tintindex":0,"rotation":0,"texture":"#0"},"down":{"uv":[4.0,8.666667,2.6666667,10.0],"tintindex":0,"rotation":0,"texture":"#0"}}},{"from":[3.9865074,7.807493,4.8032703],"to":[11.986507,15.807493,12.80327],"faces":{"east":{"uv":[0.0,1.3333334,1.3333334,2.6666667],"tintindex":0,"rotation":0,"texture":"#0"},"south":{"uv":[4.0,1.3333334,5.3333335,2.6666667],"tintindex":0,"rotation":0,"texture":"#0"},"north":{"uv":[1.3333334,1.3333334,2.6666667,2.6666667],"tintindex":0,"rotation":0,"texture":"#0"},"west":{"uv":[2.6666667,1.3333334,4.0,2.6666667],"tintindex":0,"rotation":0,"texture":"#0"},"up":{"uv":[2.6666667,1.3333334,1.3333334,0.0],"tintindex":0,"rotation":0,"texture":"#0"},"down":{"uv":[4.0,0.0,2.6666667,1.3333334],"tintindex":0,"rotation":0,"texture":"#0"}}}],"display":{"gui":{"rotation":[30,225,0]}}}