{"textures":{"0":"modelengine:entity/kokushibo"},"elements":[{"from":[7.2166667,10.666666,8.033333],"to":[8.716667,26.166668,8.033333],"faces":{"south":{"uv":[6.3333335,2.6666667,6.8333335,7.8333335],"tintindex":0,"rotation":0,"texture":"#0"},"north":{"uv":[5.8333335,2.6666667,6.3333335,7.8333335],"tintindex":0,"rotation":0,"texture":"#0"}}},{"from":[6.2666664,10.666666,6.1833334],"to":[9.766666,10.666666,9.683333],"faces":{"up":{"uv":[4.5,8.666667,3.3333335,7.5],"tintindex":0,"rotation":0,"texture":"#0"},"down":{"uv":[5.666667,7.5,4.5,8.666667],"tintindex":0,"rotation":0,"texture":"#0"}}}],"display":{"gui":{"rotation":[30,225,0]}}}