{"textures":{"0":"modelengine:entity/kokushibo"},"elements":[{"from":[6.0,-4.5,6.0],"to":[10.0,7.5,10.0],"faces":{"east":{"uv":[0.0,3.3333335,0.6666667,5.3333335],"tintindex":0,"rotation":0,"texture":"#0"},"south":{"uv":[2.0,3.3333335,2.6666667,5.3333335],"tintindex":0,"rotation":0,"texture":"#0"},"north":{"uv":[0.6666667,3.3333335,1.3333334,5.3333335],"tintindex":0,"rotation":0,"texture":"#0"},"west":{"uv":[1.3333334,3.3333335,2.0,5.3333335],"tintindex":0,"rotation":0,"texture":"#0"},"up":{"uv":[1.3333334,3.3333335,0.6666667,2.6666667],"tintindex":0,"rotation":0,"texture":"#0"},"down":{"uv":[2.0,2.6666667,1.3333334,3.3333335],"tintindex":0,"rotation":0,"texture":"#0"}}},{"from":[5.7,-1.8,5.7],"to":[10.3,7.8,10.3],"faces":{"east":{"uv":[0.0,6.8333335,0.6666667,8.333334],"tintindex":0,"rotation":0,"texture":"#0"},"south":{"uv":[2.0,6.8333335,2.6666667,8.333334],"tintindex":0,"rotation":0,"texture":"#0"},"north":{"uv":[0.6666667,6.8333335,1.3333334,8.333334],"tintindex":0,"rotation":0,"texture":"#0"},"west":{"uv":[1.3333334,6.8333335,2.0,8.333334],"tintindex":0,"rotation":0,"texture":"#0"},"up":{"uv":[1.3333334,6.8333335,0.6666667,6.166667],"tintindex":0,"rotation":0,"texture":"#0"},"down":{"uv":[2.0,6.166667,1.3333334,6.8333335],"tintindex":0,"rotation":0,"texture":"#0"}}},{"from":[5.75,-4.75,5.75],"to":[10.25,7.75,10.25],"faces":{"east":{"uv":[9.333334,0.6666667,10.0,2.6666667],"tintindex":0,"rotation":0,"texture":"#0"},"south":{"uv":[11.333334,0.6666667,12.0,2.6666667],"tintindex":0,"rotation":0,"texture":"#0"},"north":{"uv":[10.0,0.6666667,10.666667,2.6666667],"tintindex":0,"rotation":0,"texture":"#0"},"west":{"uv":[10.666667,0.6666667,11.333334,2.6666667],"tintindex":0,"rotation":0,"texture":"#0"},"up":{"uv":[10.666667,0.6666667,10.0,0.0],"tintindex":0,"rotation":0,"texture":"#0"},"down":{"uv":[11.333334,0.0,10.666667,0.6666667],"tintindex":0,"rotation":0,"texture":"#0"}}}],"display":{"gui":{"rotation":[30,225,0]}}}