{"textures":{"0":"modelengine:entity/kokushibo"},"elements":[{"from":[-6.8,21.45,8.0],"to":[-2.3000002,22.95,8.0],"faces":{"south":{"uv":[4.166667,6.166667,5.666667,6.666667],"tintindex":0,"rotation":0,"texture":"#0"},"north":{"uv":[2.6666667,6.166667,4.166667,6.666667],"tintindex":0,"rotation":0,"texture":"#0"}}}],"display":{"gui":{"rotation":[30,225,0]}}}