{"textures":{"0":"modelengine:entity/kokushibo"},"elements":[{"from":[8.0,-2.0,6.0],"to":[12.0,10.0,10.0],"faces":{"east":{"uv":[4.666667,3.3333335,4.0,5.3333335],"tintindex":0,"rotation":0,"texture":"#0"},"south":{"uv":[5.3333335,3.3333335,4.666667,5.3333335],"tintindex":0,"rotation":0,"texture":"#0"},"north":{"uv":[4.0,3.3333335,3.3333335,5.3333335],"tintindex":0,"rotation":0,"texture":"#0"},"west":{"uv":[3.3333335,3.3333335,2.6666667,5.3333335],"tintindex":0,"rotation":0,"texture":"#0"},"up":{"uv":[3.3333335,3.3333335,4.0,2.6666667],"tintindex":0,"rotation":0,"texture":"#0"},"down":{"uv":[4.0,2.6666667,4.666667,3.3333335],"tintindex":0,"rotation":0,"texture":"#0"}}},{"from":[7.75,-2.25,5.75],"to":[12.25,10.25,10.25],"faces":{"east":{"uv":[2.1666667,12.0,1.5,14.0],"tintindex":0,"rotation":0,"texture":"#0"},"south":{"uv":[2.8333335,12.0,2.1666667,14.0],"tintindex":0,"rotation":0,"texture":"#0"},"north":{"uv":[1.5,12.0,0.8333334,14.0],"tintindex":0,"rotation":0,"texture":"#0"},"west":{"uv":[0.8333334,12.0,0.16666667,14.0],"tintindex":0,"rotation":0,"texture":"#0"},"up":{"uv":[0.8333334,12.0,1.5,11.333334],"tintindex":0,"rotation":0,"texture":"#0"},"down":{"uv":[1.5,11.333334,2.1666667,12.0],"tintindex":0,"rotation":0,"texture":"#0"}}}],"display":{"gui":{"rotation":[30,225,0]}}}