{"textures":{"0":"modelengine:entity/kokushibo"},"elements":[{"from":[6.0,-5.5,6.0],"to":[10.0,6.5,10.0],"faces":{"east":{"uv":[2.0,3.3333335,1.3333334,5.3333335],"tintindex":0,"rotation":0,"texture":"#0"},"south":{"uv":[2.6666667,3.3333335,2.0,5.3333335],"tintindex":0,"rotation":0,"texture":"#0"},"north":{"uv":[1.3333334,3.3333335,0.6666667,5.3333335],"tintindex":0,"rotation":0,"texture":"#0"},"west":{"uv":[0.6666667,3.3333335,0.0,5.3333335],"tintindex":0,"rotation":0,"texture":"#0"},"up":{"uv":[0.6666667,3.3333335,1.3333334,2.6666667],"tintindex":0,"rotation":0,"texture":"#0"},"down":{"uv":[1.3333334,2.6666667,2.0,3.3333335],"tintindex":0,"rotation":0,"texture":"#0"}}},{"from":[5.7,-2.8,5.7],"to":[10.3,6.8,10.3],"faces":{"east":{"uv":[2.0,6.8333335,1.3333334,8.333334],"tintindex":0,"rotation":0,"texture":"#0"},"south":{"uv":[2.6666667,6.8333335,2.0,8.333334],"tintindex":0,"rotation":0,"texture":"#0"},"north":{"uv":[1.3333334,6.8333335,0.6666667,8.333334],"tintindex":0,"rotation":0,"texture":"#0"},"west":{"uv":[0.6666667,6.8333335,0.0,8.333334],"tintindex":0,"rotation":0,"texture":"#0"},"up":{"uv":[0.6666667,6.8333335,1.3333334,6.166667],"tintindex":0,"rotation":0,"texture":"#0"},"down":{"uv":[1.3333334,6.166667,2.0,6.8333335],"tintindex":0,"rotation":0,"texture":"#0"}}},{"from":[5.75,-5.75,5.75],"to":[10.25,6.75,10.25],"faces":{"east":{"uv":[11.333334,0.6666667,10.666667,2.6666667],"tintindex":0,"rotation":0,"texture":"#0"},"south":{"uv":[12.0,0.6666667,11.333334,2.6666667],"tintindex":0,"rotation":0,"texture":"#0"},"north":{"uv":[10.666667,0.6666667,10.0,2.6666667],"tintindex":0,"rotation":0,"texture":"#0"},"west":{"uv":[10.0,0.6666667,9.333334,2.6666667],"tintindex":0,"rotation":0,"texture":"#0"},"up":{"uv":[10.0,0.6666667,10.666667,0.0],"tintindex":0,"rotation":0,"texture":"#0"},"down":{"uv":[10.666667,0.0,11.333334,0.6666667],"tintindex":0,"rotation":0,"texture":"#0"}}}],"display":{"gui":{"rotation":[30,225,0]}}}