{"textures":{"0":"modelengine:entity/gyokko"},"elements":[{"from":[4.1,14.0,5.0],"to":[13.1,20.0,11.0],"faces":{"east":{"uv":[3.7333336,3.6666667,4.533334,4.666667],"tintindex":0,"rotation":0,"texture":"#0"},"south":{"uv":[6.533334,3.6666667,7.7333336,4.666667],"tintindex":0,"rotation":0,"texture":"#0"},"north":{"uv":[4.533334,3.6666667,5.7333336,4.666667],"tintindex":0,"rotation":0,"texture":"#0"},"west":{"uv":[5.7333336,3.6666667,6.533334,4.666667],"tintindex":0,"rotation":0,"texture":"#0"},"up":{"uv":[5.7333336,3.6666667,4.533334,2.6666667],"tintindex":0,"rotation":0,"texture":"#0"},"down":{"uv":[6.933334,2.6666667,5.7333336,3.6666667],"tintindex":0,"rotation":0,"texture":"#0"}}}],"display":{"gui":{"rotation":[30,225,0]}}}