{"textures":{"0":"modelengine:entity/gyokko"},"elements":[{"from":[4.0,8.0,7.0],"to":[9.0,11.0,12.0],"faces":{"east":{"uv":[13.333334,15.5,14.000001,16.0],"tintindex":0,"rotation":0,"texture":"#0"},"south":{"uv":[15.333334,15.5,16.0,16.0],"tintindex":0,"rotation":0,"texture":"#0"},"north":{"uv":[14.000001,15.5,14.666667,16.0],"tintindex":0,"rotation":0,"texture":"#0"},"west":{"uv":[14.666667,15.5,15.333334,16.0],"tintindex":0,"rotation":0,"texture":"#0"},"up":{"uv":[14.666667,15.5,14.000001,14.666667],"tintindex":0,"rotation":0,"texture":"#0"},"down":{"uv":[15.333334,14.666667,14.666667,15.5],"tintindex":0,"rotation":0,"texture":"#0"}}}],"display":{"gui":{"rotation":[30,225,0]}}}