{"textures":{"0":"modelengine:entity/gyokko"},"elements":[{"from":[5.0,8.0,7.0],"to":[9.0,10.0,10.0],"faces":{"east":{"uv":[11.466667,15.666667,11.866668,16.0],"tintindex":0,"rotation":0,"texture":"#0"},"south":{"uv":[12.800001,15.666667,13.333334,16.0],"tintindex":0,"rotation":0,"texture":"#0"},"north":{"uv":[11.866668,15.666667,12.400001,16.0],"tintindex":0,"rotation":0,"texture":"#0"},"west":{"uv":[12.400001,15.666667,12.800001,16.0],"tintindex":0,"rotation":0,"texture":"#0"},"up":{"uv":[12.400001,15.666667,11.866668,15.166667],"tintindex":0,"rotation":0,"texture":"#0"},"down":{"uv":[12.933334,15.166667,12.400001,15.666667],"tintindex":0,"rotation":0,"texture":"#0"}}}],"display":{"gui":{"rotation":[30,225,0]}}}