{"textures":{"0":"modelengine:entity/gyokko"},"elements":[{"from":[4.7,8.2,7.8],"to":[12.7,20.2,11.8],"faces":{"east":{"uv":[4.0,6.0,4.533334,8.0],"tintindex":0,"rotation":0,"texture":"#0"},"south":{"uv":[6.1333337,6.0,7.2000003,8.0],"tintindex":0,"rotation":0,"texture":"#0"},"north":{"uv":[4.533334,6.0,5.6000004,8.0],"tintindex":0,"rotation":0,"texture":"#0"},"west":{"uv":[5.6000004,6.0,6.1333337,8.0],"tintindex":0,"rotation":0,"texture":"#0"},"up":{"uv":[5.6000004,6.0,4.533334,5.3333335],"tintindex":0,"rotation":0,"texture":"#0"},"down":{"uv":[6.666667,5.3333335,5.6000004,6.0],"tintindex":0,"rotation":0,"texture":"#0"}}},{"from":[4.45,7.95,7.55],"to":[12.95,20.45,12.05],"faces":{"east":{"uv":[7.7333336,3.3333335,8.266667,5.3333335],"tintindex":0,"rotation":0,"texture":"#0"},"south":{"uv":[9.866667,3.3333335,10.933334,5.3333335],"tintindex":0,"rotation":0,"texture":"#0"},"north":{"uv":[8.266667,3.3333335,9.333334,5.3333335],"tintindex":0,"rotation":0,"texture":"#0"},"west":{"uv":[9.333334,3.3333335,9.866667,5.3333335],"tintindex":0,"rotation":0,"texture":"#0"},"up":{"uv":[9.333334,3.3333335,8.266667,2.6666667],"tintindex":0,"rotation":0,"texture":"#0"},"down":{"uv":[10.400001,2.6666667,9.333334,3.3333335],"tintindex":0,"rotation":0,"texture":"#0"}}},{"from":[3.4499998,14.95,6.55],"to":[13.95,20.45,12.05],"faces":{"east":{"uv":[6.933334,9.0,7.6000004,9.833334],"tintindex":0,"rotation":0,"texture":"#0"},"south":{"uv":[9.6,9.0,10.933334,9.833334],"tintindex":0,"rotation":0,"texture":"#0"},"north":{"uv":[7.6000004,9.0,8.933333,9.833334],"tintindex":0,"rotation":0,"texture":"#0"},"west":{"uv":[8.933333,9.0,9.6,9.833334],"tintindex":0,"rotation":0,"texture":"#0"},"up":{"uv":[8.933333,9.0,7.6000004,8.166667],"tintindex":0,"rotation":0,"texture":"#0"},"down":{"uv":[10.266667,8.166667,8.933333,9.0],"tintindex":0,"rotation":0,"texture":"#0"}}},{"from":[3.6999998,15.2,6.8],"to":[13.7,20.2,11.8],"faces":{"east":{"uv":[0.0,6.166667,0.6666667,7.0],"tintindex":0,"rotation":0,"texture":"#0"},"south":{"uv":[2.6666667,6.166667,4.0,7.0],"tintindex":0,"rotation":0,"texture":"#0"},"north":{"uv":[0.6666667,6.166667,2.0,7.0],"tintindex":0,"rotation":0,"texture":"#0"},"west":{"uv":[2.0,6.166667,2.6666667,7.0],"tintindex":0,"rotation":0,"texture":"#0"},"up":{"uv":[2.0,6.166667,0.6666667,5.3333335],"tintindex":0,"rotation":0,"texture":"#0"},"down":{"uv":[3.3333335,5.3333335,2.0,6.166667],"tintindex":0,"rotation":0,"texture":"#0"}}}],"display":{"gui":{"rotation":[30,225,0]}}}