{"textures":{"0":"modelengine:entity/gyokko"},"elements":[{"from":[4.5,2.0,5.0],"to":[12.5,11.0,11.0],"faces":{"east":{"uv":[0.0,3.6666667,0.8000001,5.166667],"tintindex":0,"rotation":0,"texture":"#0"},"south":{"uv":[2.6666667,3.6666667,3.7333336,5.166667],"tintindex":0,"rotation":0,"texture":"#0"},"north":{"uv":[0.8000001,3.6666667,1.8666668,5.166667],"tintindex":0,"rotation":0,"texture":"#0"},"west":{"uv":[1.8666668,3.6666667,2.6666667,5.166667],"tintindex":0,"rotation":0,"texture":"#0"},"up":{"uv":[1.8666668,3.6666667,0.8000001,2.6666667],"tintindex":0,"rotation":0,"texture":"#0"},"down":{"uv":[2.9333334,2.6666667,1.8666668,3.6666667],"tintindex":0,"rotation":0,"texture":"#0"}}}],"display":{"gui":{"rotation":[30,225,0]}}}