{"textures":{"0":"modelengine:entity/gyokko"},"elements":[{"from":[3.5,4.0,5.0],"to":[7.5,11.0,9.0],"faces":{"east":{"uv":[0.0,13.666667,0.53333336,14.833334],"tintindex":0,"rotation":0,"texture":"#0"},"south":{"uv":[1.6000001,13.666667,2.1333334,14.833334],"tintindex":0,"rotation":0,"texture":"#0"},"north":{"uv":[0.53333336,13.666667,1.0666667,14.833334],"tintindex":0,"rotation":0,"texture":"#0"},"west":{"uv":[1.0666667,13.666667,1.6000001,14.833334],"tintindex":0,"rotation":0,"texture":"#0"},"up":{"uv":[1.0666667,13.666667,0.53333336,13.0],"tintindex":0,"rotation":0,"texture":"#0"},"down":{"uv":[1.6000001,13.0,1.0666667,13.666667],"tintindex":0,"rotation":0,"texture":"#0"}}}],"display":{"gui":{"rotation":[30,225,0]}}}