{"textures":{"0":"modelengine:entity/gyokko"},"elements":[{"from":[3.5,1.0,5.0],"to":[10.5,11.0,10.0],"faces":{"east":{"uv":[7.2000003,6.166667,7.8666673,7.8333335],"tintindex":0,"rotation":0,"texture":"#0"},"south":{"uv":[9.466667,6.166667,10.400001,7.8333335],"tintindex":0,"rotation":0,"texture":"#0"},"north":{"uv":[7.8666673,6.166667,8.8,7.8333335],"tintindex":0,"rotation":0,"texture":"#0"},"west":{"uv":[8.8,6.166667,9.466667,7.8333335],"tintindex":0,"rotation":0,"texture":"#0"},"up":{"uv":[8.8,6.166667,7.8666673,5.3333335],"tintindex":0,"rotation":0,"texture":"#0"},"down":{"uv":[9.733334,5.3333335,8.8,6.166667],"tintindex":0,"rotation":0,"texture":"#0"}}}],"display":{"gui":{"rotation":[30,225,0]}}}