{"textures":{"0":"modelengine:entity/gyokko"},"elements":[{"from":[3.5,1.0,5.0],"to":[9.5,11.0,9.0],"faces":{"east":{"uv":[4.266667,8.666667,4.8,10.333334],"tintindex":0,"rotation":0,"texture":"#0"},"south":{"uv":[6.1333337,8.666667,6.933334,10.333334],"tintindex":0,"rotation":0,"texture":"#0"},"north":{"uv":[4.8,8.666667,5.6000004,10.333334],"tintindex":0,"rotation":0,"texture":"#0"},"west":{"uv":[5.6000004,8.666667,6.1333337,10.333334],"tintindex":0,"rotation":0,"texture":"#0"},"up":{"uv":[5.6000004,8.666667,4.8,8.0],"tintindex":0,"rotation":0,"texture":"#0"},"down":{"uv":[6.4000006,8.0,5.6000004,8.666667],"tintindex":0,"rotation":0,"texture":"#0"}}}],"display":{"gui":{"rotation":[30,225,0]}}}