{"textures":{"0":"modelengine:entity/gyokko"},"elements":[{"from":[13.799999,20.7,11.7],"to":[3.4,13.3,4.3],"faces":{"east":{"uv":[14.666667,7.8333335,14.800001,8.833334],"tintindex":0,"rotation":180,"texture":"#0"},"south":{"uv":[13.466667,7.8333335,14.000001,8.833334],"tintindex":0,"rotation":180,"texture":"#0"},"north":{"uv":[15.466667,7.8333335,16.0,8.833334],"tintindex":0,"rotation":180,"texture":"#0"},"west":{"uv":[13.6,8.166667,13.733334,9.166667],"tintindex":0,"rotation":180,"texture":"#0"},"up":{"uv":[14.800001,8.333334,14.266667,9.333334],"tintindex":0,"rotation":180,"texture":"#0"},"down":{"uv":[14.133334,9.166667,13.6,8.166667],"tintindex":0,"rotation":180,"texture":"#0"}}},{"from":[3.8,13.7,4.7],"to":[13.400001,20.3,11.3],"faces":{"east":{"uv":[12.000001,9.833334,12.800001,10.833334],"tintindex":0,"rotation":0,"texture":"#0"},"south":{"uv":[14.800001,9.833334,16.0,10.833334],"tintindex":0,"rotation":0,"texture":"#0"},"north":{"uv":[12.800001,9.833334,14.000001,10.833334],"tintindex":0,"rotation":0,"texture":"#0"},"west":{"uv":[14.000001,9.833334,14.800001,10.833334],"tintindex":0,"rotation":0,"texture":"#0"},"up":{"uv":[14.000001,9.833334,12.800001,8.833334],"tintindex":0,"rotation":0,"texture":"#0"},"down":{"uv":[15.200001,8.833334,14.000001,9.833334],"tintindex":0,"rotation":0,"texture":"#0"}}}],"display":{"gui":{"rotation":[30,225,0]}}}