{"textures":{"0":"modelengine:entity/gyokko"},"elements":[{"from":[13.7,11.200001,11.2],"to":[2.3000002,4.799999,4.8],"faces":{"east":{"uv":[14.933334,8.5,15.333334,8.833334],"tintindex":0,"rotation":90,"texture":"#0"},"south":{"uv":[13.6,8.5,14.000001,9.666667],"tintindex":0,"rotation":90,"texture":"#0"},"north":{"uv":[15.6,8.5,16.0,8.833334],"tintindex":0,"rotation":90,"texture":"#0"},"west":{"uv":[12.933334,8.5,13.333334,8.833334],"tintindex":0,"rotation":90,"texture":"#0"},"up":{"uv":[14.933334,8.833334,15.333334,7.666667],"tintindex":0,"rotation":90,"texture":"#0"},"down":{"uv":[14.000001,8.833334,13.6,7.666667],"tintindex":0,"rotation":90,"texture":"#0"}}},{"from":[2.7,5.2,5.2],"to":[13.3,10.8,10.8],"faces":{"east":{"uv":[12.000001,5.3333335,12.666667,6.166667],"tintindex":0,"rotation":0,"texture":"#0"},"south":{"uv":[14.666667,5.3333335,16.0,6.166667],"tintindex":0,"rotation":0,"texture":"#0"},"north":{"uv":[12.666667,5.3333335,14.000001,6.166667],"tintindex":0,"rotation":0,"texture":"#0"},"west":{"uv":[14.000001,5.3333335,14.666667,6.166667],"tintindex":0,"rotation":0,"texture":"#0"},"up":{"uv":[14.000001,5.3333335,12.666667,4.5],"tintindex":0,"rotation":0,"texture":"#0"},"down":{"uv":[15.333334,4.5,14.000001,5.3333335],"tintindex":0,"rotation":0,"texture":"#0"}}}],"display":{"gui":{"rotation":[30,225,0]}}}