{"textures":{"0":"modelengine:entity/gyokko"},"elements":[{"from":[5.85,13.85,6.85],"to":[10.15,17.65,9.15],"faces":{"east":{"uv":[12.800001,6.8333335,13.333334,8.0],"tintindex":0,"rotation":0,"texture":"#0"},"south":{"uv":[14.933334,6.8333335,16.0,8.0],"tintindex":0,"rotation":0,"texture":"#0"},"north":{"uv":[13.333334,6.8333335,14.400001,8.0],"tintindex":0,"rotation":0,"texture":"#0"},"west":{"uv":[14.400001,6.8333335,14.933334,8.0],"tintindex":0,"rotation":0,"texture":"#0"},"up":{"uv":[14.400001,6.8333335,13.333334,6.166667],"tintindex":0,"rotation":0,"texture":"#0"},"down":{"uv":[15.466667,6.166667,14.400001,6.8333335],"tintindex":0,"rotation":0,"texture":"#0"}}},{"from":[10.35,20.35,9.35],"to":[5.65,13.65,6.65],"faces":{"east":{"uv":[14.400001,9.166667,14.533334,9.833334],"tintindex":0,"rotation":180,"texture":"#0"},"south":{"uv":[13.333334,9.166667,14.000001,9.833334],"tintindex":0,"rotation":180,"texture":"#0"},"north":{"uv":[14.400001,9.0,15.066668,9.666667],"tintindex":0,"rotation":180,"texture":"#0"},"west":{"uv":[12.933334,9.0,13.066668,9.666667],"tintindex":0,"rotation":180,"texture":"#0"},"up":{"uv":[15.066668,8.5,14.400001,7.8333335],"tintindex":0,"rotation":180,"texture":"#0"},"down":{"uv":[14.000001,7.8333335,13.333334,8.5],"tintindex":0,"rotation":180,"texture":"#0"}}}],"display":{"gui":{"rotation":[30,225,0]}}}