{"textures":{"0":"modelengine:entity/gyokko"},"elements":[{"from":[3.65,4.65,3.65],"to":[12.35,13.35,12.35],"faces":{"east":{"uv":[11.733334,1.3333334,12.800001,2.6666667],"tintindex":0,"rotation":0,"texture":"#0"},"south":{"uv":[14.933334,1.3333334,16.0,2.6666667],"tintindex":0,"rotation":0,"texture":"#0"},"north":{"uv":[12.800001,1.3333334,13.866668,2.6666667],"tintindex":0,"rotation":0,"texture":"#0"},"west":{"uv":[13.866668,1.3333334,14.933334,2.6666667],"tintindex":0,"rotation":0,"texture":"#0"},"up":{"uv":[13.866668,1.3333334,12.800001,0.0],"tintindex":0,"rotation":0,"texture":"#0"},"down":{"uv":[14.933334,0.0,13.866668,1.3333334],"tintindex":0,"rotation":0,"texture":"#0"}}},{"from":[12.7,13.700001,12.7],"to":[3.3000002,4.299999,3.3000002],"faces":{"east":{"uv":[14.666667,8.0,14.933334,9.333334],"tintindex":0,"rotation":180,"texture":"#0"},"south":{"uv":[13.6,8.0,13.866668,9.333334],"tintindex":0,"rotation":180,"texture":"#0"},"north":{"uv":[14.533334,8.333334,14.800001,9.666667],"tintindex":0,"rotation":180,"texture":"#0"},"west":{"uv":[13.066668,8.0,13.333334,9.333334],"tintindex":0,"rotation":180,"texture":"#0"},"up":{"uv":[14.400001,8.166667,14.133334,9.5],"tintindex":0,"rotation":180,"texture":"#0"},"down":{"uv":[13.866668,9.333334,13.6,8.0],"tintindex":0,"rotation":180,"texture":"#0"}}}],"display":{"gui":{"rotation":[30,225,0]}}}