{"textures":{"0":"modelengine:entity/gyokko"},"elements":[{"from":[5.7,3.7,5.7],"to":[10.3,12.3,10.3],"faces":{"east":{"uv":[13.866668,11.5,14.400001,12.833334],"tintindex":0,"rotation":0,"texture":"#0"},"south":{"uv":[15.466667,11.5,16.0,12.833334],"tintindex":0,"rotation":0,"texture":"#0"},"north":{"uv":[14.400001,11.5,14.933334,12.833334],"tintindex":0,"rotation":0,"texture":"#0"},"west":{"uv":[14.933334,11.5,15.466667,12.833334],"tintindex":0,"rotation":0,"texture":"#0"},"up":{"uv":[14.933334,11.5,14.400001,10.833334],"tintindex":0,"rotation":0,"texture":"#0"},"down":{"uv":[15.466667,10.833334,14.933334,11.5],"tintindex":0,"rotation":0,"texture":"#0"}}},{"from":[10.7,12.700001,10.7],"to":[5.3,3.3000002,5.3],"faces":{"east":{"uv":[14.000001,8.5,14.533334,9.833334],"tintindex":0,"rotation":180,"texture":"#0"},"south":{"uv":[13.466667,8.5,14.000001,9.833334],"tintindex":0,"rotation":180,"texture":"#0"},"north":{"uv":[14.533334,8.5,15.066668,9.833334],"tintindex":0,"rotation":180,"texture":"#0"},"west":{"uv":[12.933334,8.5,13.466667,9.833334],"tintindex":0,"rotation":180,"texture":"#0"},"up":{"uv":[14.533334,7.8333335,14.000001,8.5],"tintindex":0,"rotation":180,"texture":"#0"},"down":{"uv":[14.000001,8.5,13.466667,7.8333335],"tintindex":0,"rotation":180,"texture":"#0"}}}],"display":{"gui":{"rotation":[30,225,0]}}}