{"textures":{"0":"modelengine:entity/gyokko"},"elements":[{"from":[10.7,12.200001,10.7],"to":[5.3,3.7999992,5.3],"faces":{"east":{"uv":[14.000001,8.5,14.533334,9.666667],"tintindex":0,"rotation":180,"texture":"#0"},"south":{"uv":[13.466667,8.5,14.000001,9.666667],"tintindex":0,"rotation":180,"texture":"#0"},"north":{"uv":[14.533334,8.5,15.066668,9.666667],"tintindex":0,"rotation":180,"texture":"#0"},"west":{"uv":[12.933334,8.5,13.466667,9.666667],"tintindex":0,"rotation":180,"texture":"#0"},"up":{"uv":[14.533334,7.8333335,14.000001,8.5],"tintindex":0,"rotation":180,"texture":"#0"},"down":{"uv":[14.000001,8.5,13.466667,7.8333335],"tintindex":0,"rotation":180,"texture":"#0"}}},{"from":[5.7,4.2,5.7],"to":[10.3,11.8,10.3],"faces":{"east":{"uv":[13.866668,3.3333335,14.400001,4.5],"tintindex":0,"rotation":0,"texture":"#0"},"south":{"uv":[15.466667,3.3333335,16.0,4.5],"tintindex":0,"rotation":0,"texture":"#0"},"north":{"uv":[14.400001,3.3333335,14.933334,4.5],"tintindex":0,"rotation":0,"texture":"#0"},"west":{"uv":[14.933334,3.3333335,15.466667,4.5],"tintindex":0,"rotation":0,"texture":"#0"},"up":{"uv":[14.933334,3.3333335,14.400001,2.6666667],"tintindex":0,"rotation":0,"texture":"#0"},"down":{"uv":[15.466667,2.6666667,14.933334,3.3333335],"tintindex":0,"rotation":0,"texture":"#0"}}}],"display":{"gui":{"rotation":[30,225,0]}}}