{"textures":{"0":"modelengine:entity/gyokko"},"elements":[{"from":[-0.25,-6.25,5.75],"to":[4.25,9.25,10.25],"faces":{"east":{"uv":[2.1333334,8.666667,2.6666667,11.166667],"tintindex":0,"rotation":0,"texture":"#0"},"south":{"uv":[3.7333336,8.666667,4.266667,11.166667],"tintindex":0,"rotation":0,"texture":"#0"},"north":{"uv":[2.6666667,8.666667,3.2000003,11.166667],"tintindex":0,"rotation":0,"texture":"#0"},"west":{"uv":[3.2000003,8.666667,3.7333336,11.166667],"tintindex":0,"rotation":0,"texture":"#0"},"up":{"uv":[3.2000003,8.666667,2.6666667,8.0],"tintindex":0,"rotation":0,"texture":"#0"},"down":{"uv":[3.7333336,8.0,3.2000003,8.666667],"tintindex":0,"rotation":0,"texture":"#0"}}},{"from":[0.0,2.0,6.0],"to":[4.0,9.0,10.0],"faces":{"east":{"uv":[0.0,8.666667,0.53333336,9.833334],"tintindex":0,"rotation":0,"texture":"#0"},"south":{"uv":[1.6000001,8.666667,2.1333334,9.833334],"tintindex":0,"rotation":0,"texture":"#0"},"north":{"uv":[0.53333336,8.666667,1.0666667,9.833334],"tintindex":0,"rotation":0,"texture":"#0"},"west":{"uv":[1.0666667,8.666667,1.6000001,9.833334],"tintindex":0,"rotation":0,"texture":"#0"},"up":{"uv":[1.0666667,8.666667,0.53333336,8.0],"tintindex":0,"rotation":0,"texture":"#0"},"down":{"uv":[1.6000001,8.0,1.0666667,8.666667],"tintindex":0,"rotation":0,"texture":"#0"}}}],"display":{"gui":{"rotation":[30,225,0]}}}