{"textures":{"0":"modelengine:entity/gyokko"},"elements":[{"from":[9.875,12.375,6.875],"to":[12.125,20.125,9.125],"faces":{"east":{"uv":[3.7333336,8.666667,3.2000003,11.166667],"tintindex":0,"rotation":0,"texture":"#0"},"south":{"uv":[4.266667,8.666667,3.7333336,11.166667],"tintindex":0,"rotation":0,"texture":"#0"},"north":{"uv":[3.2000003,8.666667,2.6666667,11.166667],"tintindex":0,"rotation":0,"texture":"#0"},"west":{"uv":[2.6666667,8.666667,2.1333334,11.166667],"tintindex":0,"rotation":0,"texture":"#0"},"up":{"uv":[2.6666667,8.666667,3.2000003,8.0],"tintindex":0,"rotation":0,"texture":"#0"},"down":{"uv":[3.2000003,8.0,3.7333336,8.666667],"tintindex":0,"rotation":0,"texture":"#0"}}},{"from":[10.0,16.5,7.0],"to":[12.0,20.0,9.0],"faces":{"east":{"uv":[1.6000001,8.666667,1.0666667,9.833334],"tintindex":0,"rotation":0,"texture":"#0"},"south":{"uv":[2.1333334,8.666667,1.6000001,9.833334],"tintindex":0,"rotation":0,"texture":"#0"},"north":{"uv":[1.0666667,8.666667,0.53333336,9.833334],"tintindex":0,"rotation":0,"texture":"#0"},"west":{"uv":[0.53333336,8.666667,0.0,9.833334],"tintindex":0,"rotation":0,"texture":"#0"},"up":{"uv":[0.53333336,8.666667,1.0666667,8.0],"tintindex":0,"rotation":0,"texture":"#0"},"down":{"uv":[1.0666667,8.0,1.6000001,8.666667],"tintindex":0,"rotation":0,"texture":"#0"}}}],"display":{"gui":{"rotation":[30,225,0]}}}