{"textures":{"0":"modelengine:entity/gyokko"},"elements":[{"from":[6.0,0.20000076,6.0],"to":[10.0,8.200001,10.0],"faces":{"east":{"uv":[4.4,14.166667,3.8666668,15.5],"tintindex":0,"rotation":0,"texture":"#0"},"south":{"uv":[4.9333334,14.166667,4.4,15.5],"tintindex":0,"rotation":0,"texture":"#0"},"north":{"uv":[3.8666668,14.166667,3.3333335,15.5],"tintindex":0,"rotation":0,"texture":"#0"},"west":{"uv":[3.3333335,14.166667,2.8000002,15.5],"tintindex":0,"rotation":0,"texture":"#0"},"up":{"uv":[3.3333335,14.166667,3.8666668,13.5],"tintindex":0,"rotation":0,"texture":"#0"},"down":{"uv":[3.8666668,13.5,4.4,14.166667],"tintindex":0,"rotation":0,"texture":"#0"}}},{"from":[5.75,-1.249999,5.75],"to":[10.25,8.25,10.25],"faces":{"east":{"uv":[6.533334,14.0,6.0000005,15.5],"tintindex":0,"rotation":0,"texture":"#0"},"south":{"uv":[7.066667,14.0,6.533334,15.5],"tintindex":0,"rotation":0,"texture":"#0"},"north":{"uv":[6.0000005,14.0,5.466667,15.5],"tintindex":0,"rotation":0,"texture":"#0"},"west":{"uv":[5.466667,14.0,4.9333334,15.5],"tintindex":0,"rotation":0,"texture":"#0"},"up":{"uv":[5.466667,14.0,6.0000005,13.333334],"tintindex":0,"rotation":0,"texture":"#0"},"down":{"uv":[6.0000005,13.333334,6.533334,14.0],"tintindex":0,"rotation":0,"texture":"#0"}}}],"display":{"gui":{"rotation":[30,225,0]}}}