{"textures":{"0":"modelengine:entity/gyokko"},"elements":[{"from":[10.7,12.200001,10.7],"to":[5.3,3.7999992,5.3],"faces":{"east":{"uv":[13.066668,8.5,12.533334,9.666667],"tintindex":0,"rotation":180,"texture":"#0"},"south":{"uv":[13.6,8.5,13.066668,9.666667],"tintindex":0,"rotation":180,"texture":"#0"},"north":{"uv":[14.666667,8.5,14.133334,9.666667],"tintindex":0,"rotation":180,"texture":"#0"},"west":{"uv":[14.133334,8.5,13.6,9.666667],"tintindex":0,"rotation":180,"texture":"#0"},"up":{"uv":[13.6,7.8333335,14.133334,8.5],"tintindex":0,"rotation":180,"texture":"#0"},"down":{"uv":[13.066668,8.5,13.6,7.8333335],"tintindex":0,"rotation":180,"texture":"#0"}}},{"from":[5.7,4.2,5.7],"to":[10.3,11.8,10.3],"faces":{"east":{"uv":[15.466667,3.3333335,14.933334,4.5],"tintindex":0,"rotation":0,"texture":"#0"},"south":{"uv":[16.0,3.3333335,15.466667,4.5],"tintindex":0,"rotation":0,"texture":"#0"},"north":{"uv":[14.933334,3.3333335,14.400001,4.5],"tintindex":0,"rotation":0,"texture":"#0"},"west":{"uv":[14.400001,3.3333335,13.866668,4.5],"tintindex":0,"rotation":0,"texture":"#0"},"up":{"uv":[14.400001,3.3333335,14.933334,2.6666667],"tintindex":0,"rotation":0,"texture":"#0"},"down":{"uv":[14.933334,2.6666667,15.466667,3.3333335],"tintindex":0,"rotation":0,"texture":"#0"}}}],"display":{"gui":{"rotation":[30,225,0]}}}