{"textures":{"0":"modelengine:entity/gyutaro"},"elements":[{"from":[3.4499998,13.95,7.55],"to":[13.95,20.45,14.05],"faces":{"east":{"uv":[5.3333335,5.166667,6.3333335,6.166667],"tintindex":0,"rotation":0,"texture":"#0"},"south":{"uv":[9.0,5.166667,10.666667,6.166667],"tintindex":0,"rotation":0,"texture":"#0"},"north":{"uv":[6.3333335,5.166667,8.0,6.166667],"tintindex":0,"rotation":0,"texture":"#0"},"west":{"uv":[8.0,5.166667,9.0,6.166667],"tintindex":0,"rotation":0,"texture":"#0"},"up":{"uv":[8.0,5.166667,6.3333335,4.166667],"tintindex":0,"rotation":0,"texture":"#0"},"down":{"uv":[9.666667,4.166667,8.0,5.166667],"tintindex":0,"rotation":0,"texture":"#0"}}},{"from":[3.6999998,14.2,7.8],"to":[13.7,20.2,13.8],"faces":{"east":{"uv":[10.666667,5.166667,11.666667,6.166667],"tintindex":0,"rotation":0,"texture":"#0"},"south":{"uv":[14.333334,5.166667,16.0,6.166667],"tintindex":0,"rotation":0,"texture":"#0"},"north":{"uv":[11.666667,5.166667,13.333334,6.166667],"tintindex":0,"rotation":0,"texture":"#0"},"west":{"uv":[13.333334,5.166667,14.333334,6.166667],"tintindex":0,"rotation":0,"texture":"#0"},"up":{"uv":[13.333334,5.166667,11.666667,4.166667],"tintindex":0,"rotation":0,"texture":"#0"},"down":{"uv":[15.0,4.166667,13.333334,5.166667],"tintindex":0,"rotation":0,"texture":"#0"}}},{"from":[3.6999998,8.106814,7.248236],"to":[13.7,10.106814,12.248236],"faces":{"east":{"uv":[0.0,7.666667,0.8333334,8.0],"tintindex":0,"rotation":0,"texture":"#0"},"south":{"uv":[3.3333335,7.666667,5.0,8.0],"tintindex":0,"rotation":0,"texture":"#0"},"north":{"uv":[0.8333334,7.666667,2.5,8.0],"tintindex":0,"rotation":0,"texture":"#0"},"west":{"uv":[2.5,7.666667,3.3333335,8.0],"tintindex":0,"rotation":0,"texture":"#0"},"up":{"uv":[2.5,7.666667,0.8333334,6.8333335],"tintindex":0,"rotation":0,"texture":"#0"},"down":{"uv":[4.166667,6.8333335,2.5,7.666667],"tintindex":0,"rotation":0,"texture":"#0"}}},{"from":[5.7,8.2,7.8],"to":[11.7,14.2,11.8],"faces":{"east":{"uv":[0.0,10.166667,0.6666667,11.166667],"tintindex":0,"rotation":0,"texture":"#0"},"south":{"uv":[2.3333335,10.166667,3.3333335,11.166667],"tintindex":0,"rotation":0,"texture":"#0"},"north":{"uv":[0.6666667,10.166667,1.6666667,11.166667],"tintindex":0,"rotation":0,"texture":"#0"},"west":{"uv":[1.6666667,10.166667,2.3333335,11.166667],"tintindex":0,"rotation":0,"texture":"#0"},"up":{"uv":[1.6666667,10.166667,0.6666667,9.5],"tintindex":0,"rotation":0,"texture":"#0"},"down":{"uv":[2.6666667,9.5,1.6666667,10.166667],"tintindex":0,"rotation":0,"texture":"#0"}}}],"display":{"gui":{"rotation":[30,225,0]}}}