{"textures":{"0":"modelengine:entity/gyutaro"},"elements":[{"from":[6.8840775,6.274032,6.732354],"to":[9.384077,9.774033,9.232354],"faces":{"east":{"uv":[3.6666667,14.833334,4.0,15.333334],"tintindex":0,"rotation":0,"texture":"#0"},"south":{"uv":[4.666667,14.833334,5.0,15.333334],"tintindex":0,"rotation":0,"texture":"#0"},"north":{"uv":[4.0,14.833334,4.3333335,15.333334],"tintindex":0,"rotation":0,"texture":"#0"},"west":{"uv":[4.3333335,14.833334,4.666667,15.333334],"tintindex":0,"rotation":0,"texture":"#0"},"up":{"uv":[4.3333335,14.833334,4.0,14.5],"tintindex":0,"rotation":0,"texture":"#0"},"down":{"uv":[4.666667,14.5,4.3333335,14.833334],"tintindex":0,"rotation":0,"texture":"#0"}}}],"display":{"gui":{"rotation":[30,225,0]}}}