{"textures":{"0":"modelengine:entity/gyutaro"},"elements":[{"from":[8.454224,7.0805492,6.626558],"to":[10.454224,9.080549,11.626558],"faces":{"east":{"uv":[5.5,12.333334,6.3333335,12.666667],"tintindex":0,"rotation":0,"texture":"#0"},"south":{"uv":[7.5,12.333334,7.8333335,12.666667],"tintindex":0,"rotation":0,"texture":"#0"},"north":{"uv":[6.3333335,12.333334,6.666667,12.666667],"tintindex":0,"rotation":0,"texture":"#0"},"west":{"uv":[6.666667,12.333334,7.5,12.666667],"tintindex":0,"rotation":0,"texture":"#0"},"up":{"uv":[6.666667,12.333334,6.3333335,11.5],"tintindex":0,"rotation":0,"texture":"#0"},"down":{"uv":[7.0,11.5,6.666667,12.333334],"tintindex":0,"rotation":0,"texture":"#0"}}}],"display":{"gui":{"rotation":[30,225,0]}}}