{"textures":{"0":"modelengine:entity/gyutaro"},"elements":[{"from":[7.9584603,3.9645462,6.246573],"to":[9.958461,5.964546,11.246573],"faces":{"east":{"uv":[0.0,14.0,0.8333334,14.333334],"tintindex":0,"rotation":0,"texture":"#0"},"south":{"uv":[2.0,14.0,2.3333335,14.333334],"tintindex":0,"rotation":0,"texture":"#0"},"north":{"uv":[0.8333334,14.0,1.1666667,14.333334],"tintindex":0,"rotation":0,"texture":"#0"},"west":{"uv":[1.1666667,14.0,2.0,14.333334],"tintindex":0,"rotation":0,"texture":"#0"},"up":{"uv":[1.1666667,14.0,0.8333334,13.166667],"tintindex":0,"rotation":0,"texture":"#0"},"down":{"uv":[1.5,13.166667,1.1666667,14.0],"tintindex":0,"rotation":0,"texture":"#0"}}}],"display":{"gui":{"rotation":[30,225,0]}}}