{"textures":{"0":"modelengine:entity/gyutaro"},"elements":[{"from":[2.8489265,3.2712297,9.000021],"to":[6.8489265,6.2712297,13.000021],"faces":{"east":{"uv":[8.0,12.0,8.666667,12.5],"tintindex":0,"rotation":0,"texture":"#0"},"south":{"uv":[10.0,12.0,10.666667,12.5],"tintindex":0,"rotation":0,"texture":"#0"},"north":{"uv":[8.666667,12.0,9.333334,12.5],"tintindex":0,"rotation":0,"texture":"#0"},"west":{"uv":[9.333334,12.0,10.0,12.5],"tintindex":0,"rotation":0,"texture":"#0"},"up":{"uv":[9.333334,12.0,8.666667,11.333334],"tintindex":0,"rotation":0,"texture":"#0"},"down":{"uv":[10.0,11.333334,9.333334,12.0],"tintindex":0,"rotation":0,"texture":"#0"}}}],"display":{"gui":{"rotation":[30,225,0]}}}