{"textures":{"0":"modelengine:entity/gyutaro"},"elements":[{"from":[2.5989265,3.0212297,8.750021],"to":[7.0989265,6.5212297,13.250021],"faces":{"east":{"uv":[8.0,13.166667,8.666667,13.666667],"tintindex":0,"rotation":0,"texture":"#0"},"south":{"uv":[10.0,13.166667,10.666667,13.666667],"tintindex":0,"rotation":0,"texture":"#0"},"north":{"uv":[8.666667,13.166667,9.333334,13.666667],"tintindex":0,"rotation":0,"texture":"#0"},"west":{"uv":[9.333334,13.166667,10.0,13.666667],"tintindex":0,"rotation":0,"texture":"#0"},"up":{"uv":[9.333334,13.166667,8.666667,12.5],"tintindex":0,"rotation":0,"texture":"#0"},"down":{"uv":[10.0,12.5,9.333334,13.166667],"tintindex":0,"rotation":0,"texture":"#0"}}}],"display":{"gui":{"rotation":[30,225,0]}}}