{"textures":{"0":"modelengine:entity/gyutaro"},"elements":[{"from":[6.080761,5.8792877,8.97929],"to":[8.080761,7.8792877,11.979289],"faces":{"east":{"uv":[5.8333335,12.333334,6.3333335,12.666667],"tintindex":0,"rotation":0,"texture":"#0"},"south":{"uv":[7.166667,12.333334,7.5,12.666667],"tintindex":0,"rotation":0,"texture":"#0"},"north":{"uv":[6.3333335,12.333334,6.666667,12.666667],"tintindex":0,"rotation":0,"texture":"#0"},"west":{"uv":[6.666667,12.333334,7.166667,12.666667],"tintindex":0,"rotation":0,"texture":"#0"},"up":{"uv":[6.666667,12.333334,6.3333335,11.833334],"tintindex":0,"rotation":0,"texture":"#0"},"down":{"uv":[7.0,11.833334,6.666667,12.333334],"tintindex":0,"rotation":0,"texture":"#0"}}}],"display":{"gui":{"rotation":[30,225,0]}}}