{"textures":{"0":"modelengine:entity/gyutaro"},"elements":[{"from":[6.9804306,4.2387247,6.9417667],"to":[9.480431,11.738725,9.441767],"faces":{"east":{"uv":[1.3333334,14.833334,1.6666667,16.0],"tintindex":0,"rotation":0,"texture":"#0"},"south":{"uv":[2.3333335,14.833334,2.6666667,16.0],"tintindex":0,"rotation":0,"texture":"#0"},"north":{"uv":[1.6666667,14.833334,2.0,16.0],"tintindex":0,"rotation":0,"texture":"#0"},"west":{"uv":[2.0,14.833334,2.3333335,16.0],"tintindex":0,"rotation":0,"texture":"#0"},"up":{"uv":[2.0,14.833334,1.6666667,14.5],"tintindex":0,"rotation":0,"texture":"#0"},"down":{"uv":[2.3333335,14.5,2.0,14.833334],"tintindex":0,"rotation":0,"texture":"#0"}}}],"display":{"gui":{"rotation":[30,225,0]}}}