{"textures":{"0":"modelengine:entity/gytaro"},"elements":[{"from":[7.4881477,7.076523,6.923477],"to":[9.488148,9.076523,10.923477],"faces":{"east":{"uv":[5.666667,12.333334,6.3333335,12.666667],"tintindex":0,"rotation":0,"texture":"#0"},"south":{"uv":[7.3333335,12.333334,7.666667,12.666667],"tintindex":0,"rotation":0,"texture":"#0"},"north":{"uv":[6.3333335,12.333334,6.666667,12.666667],"tintindex":0,"rotation":0,"texture":"#0"},"west":{"uv":[6.666667,12.333334,7.3333335,12.666667],"tintindex":0,"rotation":0,"texture":"#0"},"up":{"uv":[6.666667,12.333334,6.3333335,11.666667],"tintindex":0,"rotation":0,"texture":"#0"},"down":{"uv":[7.0,11.666667,6.666667,12.333334],"tintindex":0,"rotation":0,"texture":"#0"}}}],"display":{"gui":{"rotation":[30,225,0]}}}