{"textures":{"0":"modelengine:entity/gytaro"},"elements":[{"from":[6.041539,3.9645462,6.246573],"to":[8.041539,5.964546,11.246573],"faces":{"east":{"uv":[2.0,14.0,1.1666667,14.333334],"tintindex":0,"rotation":0,"texture":"#0"},"south":{"uv":[2.3333335,14.0,2.0,14.333334],"tintindex":0,"rotation":0,"texture":"#0"},"north":{"uv":[1.1666667,14.0,0.8333334,14.333334],"tintindex":0,"rotation":0,"texture":"#0"},"west":{"uv":[0.8333334,14.0,0.0,14.333334],"tintindex":0,"rotation":0,"texture":"#0"},"up":{"uv":[0.8333334,14.0,1.1666667,13.166667],"tintindex":0,"rotation":0,"texture":"#0"},"down":{"uv":[1.1666667,13.166667,1.5,14.0],"tintindex":0,"rotation":0,"texture":"#0"}}}],"display":{"gui":{"rotation":[30,225,0]}}}