{"textures":{"0":"modelengine:entity/gytaro"},"elements":[{"from":[7.919239,5.8792877,7.9792895],"to":[9.919239,7.8792877,11.979289],"faces":{"east":{"uv":[7.3333335,12.333334,6.666667,12.666667],"tintindex":0,"rotation":0,"texture":"#0"},"south":{"uv":[7.666667,12.333334,7.3333335,12.666667],"tintindex":0,"rotation":0,"texture":"#0"},"north":{"uv":[6.666667,12.333334,6.3333335,12.666667],"tintindex":0,"rotation":0,"texture":"#0"},"west":{"uv":[6.3333335,12.333334,5.666667,12.666667],"tintindex":0,"rotation":0,"texture":"#0"},"up":{"uv":[6.3333335,12.333334,6.666667,11.666667],"tintindex":0,"rotation":0,"texture":"#0"},"down":{"uv":[6.666667,11.666667,7.0,12.333334],"tintindex":0,"rotation":0,"texture":"#0"}}}],"display":{"gui":{"rotation":[30,225,0]}}}