{"textures":{"0":"modelengine:entity/gytaro"},"elements":[{"from":[7.2304306,4.4887247,7.1917667],"to":[9.230431,11.488725,9.191767],"faces":{"east":{"uv":[2.3333335,13.5,2.6666667,14.666667],"tintindex":0,"rotation":0,"texture":"#0"},"south":{"uv":[3.3333335,13.5,3.6666667,14.666667],"tintindex":0,"rotation":0,"texture":"#0"},"north":{"uv":[2.6666667,13.5,3.0,14.666667],"tintindex":0,"rotation":0,"texture":"#0"},"west":{"uv":[3.0,13.5,3.3333335,14.666667],"tintindex":0,"rotation":0,"texture":"#0"},"up":{"uv":[3.0,13.5,2.6666667,13.166667],"tintindex":0,"rotation":0,"texture":"#0"},"down":{"uv":[3.3333335,13.166667,3.0,13.5],"tintindex":0,"rotation":0,"texture":"#0"}}}],"display":{"gui":{"rotation":[30,225,0]}}}