{"textures":{"0":"modelengine:entity/gytaro"},"elements":[{"from":[7.1340775,6.524032,6.982354],"to":[9.134077,9.524033,8.982354],"faces":{"east":{"uv":[3.6666667,14.0,4.0,14.5],"tintindex":0,"rotation":0,"texture":"#0"},"south":{"uv":[4.666667,14.0,5.0,14.5],"tintindex":0,"rotation":0,"texture":"#0"},"north":{"uv":[4.0,14.0,4.3333335,14.5],"tintindex":0,"rotation":0,"texture":"#0"},"west":{"uv":[4.3333335,14.0,4.666667,14.5],"tintindex":0,"rotation":0,"texture":"#0"},"up":{"uv":[4.3333335,14.0,4.0,13.666667],"tintindex":0,"rotation":0,"texture":"#0"},"down":{"uv":[4.666667,13.666667,4.3333335,14.0],"tintindex":0,"rotation":0,"texture":"#0"}}}],"display":{"gui":{"rotation":[30,225,0]}}}