{"textures":{"0":"modelengine:entity/gytaro"},"elements":[{"from":[6.3193936,7.000618,4.2793837],"to":[8.319393,9.000618,10.279383],"faces":{"east":{"uv":[5.3333335,12.333334,6.3333335,12.666667],"tintindex":0,"rotation":0,"texture":"#0"},"south":{"uv":[7.666667,12.333334,8.0,12.666667],"tintindex":0,"rotation":0,"texture":"#0"},"north":{"uv":[6.3333335,12.333334,6.666667,12.666667],"tintindex":0,"rotation":0,"texture":"#0"},"west":{"uv":[6.666667,12.333334,7.666667,12.666667],"tintindex":0,"rotation":0,"texture":"#0"},"up":{"uv":[6.666667,12.333334,6.3333335,11.333334],"tintindex":0,"rotation":0,"texture":"#0"},"down":{"uv":[7.0,11.333334,6.666667,12.333334],"tintindex":0,"rotation":0,"texture":"#0"}}}],"display":{"gui":{"rotation":[30,225,0]}}}