{"textures":{"0":"modelengine:entity/gytaro"},"elements":[{"from":[6.5231414,3.9950466,4.1108418],"to":[8.523142,5.9950466,10.110842],"faces":{"east":{"uv":[7.666667,12.333334,6.666667,12.666667],"tintindex":0,"rotation":0,"texture":"#0"},"south":{"uv":[8.0,12.333334,7.666667,12.666667],"tintindex":0,"rotation":0,"texture":"#0"},"north":{"uv":[6.666667,12.333334,6.3333335,12.666667],"tintindex":0,"rotation":0,"texture":"#0"},"west":{"uv":[6.3333335,12.333334,5.3333335,12.666667],"tintindex":0,"rotation":0,"texture":"#0"},"up":{"uv":[6.3333335,12.333334,6.666667,11.333334],"tintindex":0,"rotation":0,"texture":"#0"},"down":{"uv":[6.666667,11.333334,7.0,12.333334],"tintindex":0,"rotation":0,"texture":"#0"}}}],"display":{"gui":{"rotation":[30,225,0]}}}