{"textures":{"0":"modelengine:entity/gytaro"},"elements":[{"from":[3.75,-4.25,5.75],"to":[8.25,3.25,10.25],"faces":{"east":{"uv":[8.666667,10.166667,9.333334,11.333334],"tintindex":0,"rotation":0,"texture":"#0"},"south":{"uv":[10.666667,10.166667,11.333334,11.333334],"tintindex":0,"rotation":0,"texture":"#0"},"north":{"uv":[9.333334,10.166667,10.0,11.333334],"tintindex":0,"rotation":0,"texture":"#0"},"west":{"uv":[10.0,10.166667,10.666667,11.333334],"tintindex":0,"rotation":0,"texture":"#0"},"up":{"uv":[10.0,10.166667,9.333334,9.5],"tintindex":0,"rotation":0,"texture":"#0"},"down":{"uv":[10.666667,9.5,10.0,10.166667],"tintindex":0,"rotation":0,"texture":"#0"}}},{"from":[4.0,3.0,6.0],"to":[8.0,10.0,10.0],"faces":{"east":{"uv":[3.3333335,10.166667,4.0,11.333334],"tintindex":0,"rotation":0,"texture":"#0"},"south":{"uv":[5.3333335,10.166667,6.0,11.333334],"tintindex":0,"rotation":0,"texture":"#0"},"north":{"uv":[4.0,10.166667,4.666667,11.333334],"tintindex":0,"rotation":0,"texture":"#0"},"west":{"uv":[4.666667,10.166667,5.3333335,11.333334],"tintindex":0,"rotation":0,"texture":"#0"},"up":{"uv":[4.666667,10.166667,4.0,9.5],"tintindex":0,"rotation":0,"texture":"#0"},"down":{"uv":[5.3333335,9.5,4.666667,10.166667],"tintindex":0,"rotation":0,"texture":"#0"}}},{"from":[4.0,-4.0,6.0],"to":[8.0,3.0,10.0],"faces":{"east":{"uv":[0.0,12.0,0.6666667,13.166667],"tintindex":0,"rotation":0,"texture":"#0"},"south":{"uv":[2.0,12.0,2.6666667,13.166667],"tintindex":0,"rotation":0,"texture":"#0"},"north":{"uv":[0.6666667,12.0,1.3333334,13.166667],"tintindex":0,"rotation":0,"texture":"#0"},"west":{"uv":[1.3333334,12.0,2.0,13.166667],"tintindex":0,"rotation":0,"texture":"#0"},"up":{"uv":[1.3333334,12.0,0.6666667,11.333334],"tintindex":0,"rotation":0,"texture":"#0"},"down":{"uv":[2.0,11.333334,1.3333334,12.0],"tintindex":0,"rotation":0,"texture":"#0"}}},{"from":[3.75,2.75,5.75],"to":[8.25,10.25,10.25],"faces":{"east":{"uv":[6.0,10.166667,6.666667,11.333334],"tintindex":0,"rotation":0,"texture":"#0"},"south":{"uv":[8.0,10.166667,8.666667,11.333334],"tintindex":0,"rotation":0,"texture":"#0"},"north":{"uv":[6.666667,10.166667,7.3333335,11.333334],"tintindex":0,"rotation":0,"texture":"#0"},"west":{"uv":[7.3333335,10.166667,8.0,11.333334],"tintindex":0,"rotation":0,"texture":"#0"},"up":{"uv":[7.3333335,10.166667,6.666667,9.5],"tintindex":0,"rotation":0,"texture":"#0"},"down":{"uv":[8.0,9.5,7.3333335,10.166667],"tintindex":0,"rotation":0,"texture":"#0"}}}],"display":{"gui":{"rotation":[30,225,0]}}}