{"textures":{"0":"modelengine:entity/gytaro"},"elements":[{"from":[7.75,-4.25,5.75],"to":[12.25,3.25,10.25],"faces":{"east":{"uv":[10.666667,10.166667,10.0,11.333334],"tintindex":0,"rotation":0,"texture":"#0"},"south":{"uv":[11.333334,10.166667,10.666667,11.333334],"tintindex":0,"rotation":0,"texture":"#0"},"north":{"uv":[10.0,10.166667,9.333334,11.333334],"tintindex":0,"rotation":0,"texture":"#0"},"west":{"uv":[9.333334,10.166667,8.666667,11.333334],"tintindex":0,"rotation":0,"texture":"#0"},"up":{"uv":[9.333334,10.166667,10.0,9.5],"tintindex":0,"rotation":0,"texture":"#0"},"down":{"uv":[10.0,9.5,10.666667,10.166667],"tintindex":0,"rotation":0,"texture":"#0"}}},{"from":[8.0,-4.0,6.0],"to":[12.0,3.0,10.0],"faces":{"east":{"uv":[2.0,12.0,1.3333334,13.166667],"tintindex":0,"rotation":0,"texture":"#0"},"south":{"uv":[2.6666667,12.0,2.0,13.166667],"tintindex":0,"rotation":0,"texture":"#0"},"north":{"uv":[1.3333334,12.0,0.6666667,13.166667],"tintindex":0,"rotation":0,"texture":"#0"},"west":{"uv":[0.6666667,12.0,0.0,13.166667],"tintindex":0,"rotation":0,"texture":"#0"},"up":{"uv":[0.6666667,12.0,1.3333334,11.333334],"tintindex":0,"rotation":0,"texture":"#0"},"down":{"uv":[1.3333334,11.333334,2.0,12.0],"tintindex":0,"rotation":0,"texture":"#0"}}},{"from":[7.75,2.75,5.75],"to":[12.25,10.25,10.25],"faces":{"east":{"uv":[8.0,10.166667,7.3333335,11.333334],"tintindex":0,"rotation":0,"texture":"#0"},"south":{"uv":[8.666667,10.166667,8.0,11.333334],"tintindex":0,"rotation":0,"texture":"#0"},"north":{"uv":[7.3333335,10.166667,6.666667,11.333334],"tintindex":0,"rotation":0,"texture":"#0"},"west":{"uv":[6.666667,10.166667,6.0,11.333334],"tintindex":0,"rotation":0,"texture":"#0"},"up":{"uv":[6.666667,10.166667,7.3333335,9.5],"tintindex":0,"rotation":0,"texture":"#0"},"down":{"uv":[7.3333335,9.5,8.0,10.166667],"tintindex":0,"rotation":0,"texture":"#0"}}},{"from":[8.0,3.0,6.0],"to":[12.0,10.0,10.0],"faces":{"east":{"uv":[5.3333335,10.166667,4.666667,11.333334],"tintindex":0,"rotation":0,"texture":"#0"},"south":{"uv":[6.0,10.166667,5.3333335,11.333334],"tintindex":0,"rotation":0,"texture":"#0"},"north":{"uv":[4.666667,10.166667,4.0,11.333334],"tintindex":0,"rotation":0,"texture":"#0"},"west":{"uv":[4.0,10.166667,3.3333335,11.333334],"tintindex":0,"rotation":0,"texture":"#0"},"up":{"uv":[4.0,10.166667,4.666667,9.5],"tintindex":0,"rotation":0,"texture":"#0"},"down":{"uv":[4.666667,9.5,5.3333335,10.166667],"tintindex":0,"rotation":0,"texture":"#0"}}}],"display":{"gui":{"rotation":[30,225,0]}}}