{"textures":{"0":"modelengine:entity/akaza"},"elements":[{"from":[5.7321453,1.7189231,6.0],"to":[9.732145,7.7189236,10.0],"faces":{"east":{"uv":[10.2,13.8,11.0,15.0],"tintindex":0,"rotation":0,"texture":"#0"},"south":{"uv":[12.6,13.8,13.400001,15.0],"tintindex":0,"rotation":0,"texture":"#0"},"north":{"uv":[11.0,13.8,11.8,15.0],"tintindex":0,"rotation":0,"texture":"#0"},"west":{"uv":[11.8,13.8,12.6,15.0],"tintindex":0,"rotation":0,"texture":"#0"},"up":{"uv":[11.8,13.8,11.0,13.0],"tintindex":0,"rotation":0,"texture":"#0"},"down":{"uv":[12.6,13.0,11.8,13.8],"tintindex":0,"rotation":0,"texture":"#0"}},"rotation":{"origin":[7.7321453,7.7189236,8.0],"angle":0.0,"axis":"x"}},{"from":[10.0321455,8.018923,10.3],"to":[5.432145,1.4189234,5.7],"faces":{"east":{"uv":[15.400001,8.400001,15.2,8.6],"tintindex":0,"rotation":180,"texture":"#0"},"south":{"uv":[15.400001,8.400001,15.2,8.6],"tintindex":0,"rotation":180,"texture":"#0"},"north":{"uv":[15.400001,8.400001,15.2,8.6],"tintindex":0,"rotation":180,"texture":"#0"},"west":{"uv":[15.400001,8.400001,15.2,8.6],"tintindex":0,"rotation":180,"texture":"#0"},"up":{"uv":[15.0,8.6,15.2,8.400001],"tintindex":0,"rotation":180,"texture":"#0"},"down":{"uv":[15.0,8.400001,15.2,8.6],"tintindex":0,"rotation":180,"texture":"#0"}},"rotation":{"origin":[7.7321453,7.7189236,8.0],"angle":0.0,"axis":"x"}}],"display":{"gui":{"rotation":[30,225,0]}}}