{"textures":{"0":"modelengine:entity/akaza"},"elements":[{"from":[6.0,1.8611507,5.9021177],"to":[10.0,7.8611507,9.902118],"faces":{"east":{"uv":[10.2,13.8,11.0,15.0],"tintindex":0,"rotation":0,"texture":"#0"},"south":{"uv":[12.6,13.8,13.400001,15.0],"tintindex":0,"rotation":0,"texture":"#0"},"north":{"uv":[11.0,13.8,11.8,15.0],"tintindex":0,"rotation":0,"texture":"#0"},"west":{"uv":[11.8,13.8,12.6,15.0],"tintindex":0,"rotation":0,"texture":"#0"},"up":{"uv":[11.8,13.8,11.0,13.0],"tintindex":0,"rotation":0,"texture":"#0"},"down":{"uv":[12.6,13.0,11.8,13.8],"tintindex":0,"rotation":0,"texture":"#0"}}},{"from":[10.3,8.161151,10.202118],"to":[5.7,1.561151,5.6021175],"faces":{"east":{"uv":[15.0,8.400001,15.400001,8.8],"tintindex":0,"rotation":180,"texture":"#0"},"south":{"uv":[15.0,8.400001,15.400001,8.8],"tintindex":0,"rotation":180,"texture":"#0"},"north":{"uv":[15.0,8.400001,15.400001,8.8],"tintindex":0,"rotation":180,"texture":"#0"},"west":{"uv":[15.0,8.400001,15.400001,8.8],"tintindex":0,"rotation":180,"texture":"#0"},"down":{"uv":[15.400001,8.6,15.0,8.400001],"tintindex":0,"rotation":180,"texture":"#0"}}}],"display":{"gui":{"rotation":[30,225,0]}}}