{"textures":{"0":"modelengine:entity/akaza"},"elements":[{"from":[5.2,7.93779,6.2878976],"to":[10.8,21.537788,11.887898],"faces":{"east":{"uv":[12.0,10.400001,11.2,12.8],"tintindex":0,"rotation":0,"texture":"#0"},"south":{"uv":[12.8,10.400001,12.0,12.8],"tintindex":0,"rotation":0,"texture":"#0"},"north":{"uv":[11.2,10.400001,10.400001,12.8],"tintindex":0,"rotation":0,"texture":"#0"},"west":{"uv":[10.400001,10.400001,9.6,12.8],"tintindex":0,"rotation":0,"texture":"#0"},"up":{"uv":[10.400001,10.400001,11.2,9.6],"tintindex":0,"rotation":0,"texture":"#0"},"down":{"uv":[11.2,9.6,12.0,10.400001],"tintindex":0,"rotation":0,"texture":"#0"}}},{"from":[11.0,21.73779,12.087898],"to":[5.0,7.73779,6.087898],"faces":{"south":{"uv":[15.2,9.6,15.6,9.400001],"tintindex":0,"rotation":180,"texture":"#0"},"north":{"uv":[15.2,9.6,15.6,9.400001],"tintindex":0,"rotation":180,"texture":"#0"},"west":{"uv":[15.2,9.6,15.6,9.400001],"tintindex":0,"rotation":180,"texture":"#0"},"up":{"uv":[15.6,9.6,15.2,9.400001],"tintindex":0,"rotation":180,"texture":"#0"},"down":{"uv":[15.6,9.400001,15.2,9.6],"tintindex":0,"rotation":180,"texture":"#0"}}}],"display":{"gui":{"rotation":[30,225,0]}}}