{"textures":{"0":"modelengine:entity/doma "},"elements":[{"from":[7.0332174,6.2048492,6.4500003],"to":[8.033217,10.204849,9.450001],"faces":{"east":{"uv":[12.8,12.400001,13.400001,13.2],"tintindex":0,"rotation":0,"texture":"#0"},"south":{"uv":[14.2,12.400001,14.400001,13.2],"tintindex":0,"rotation":0,"texture":"#0"},"north":{"uv":[13.400001,12.400001,13.6,13.2],"tintindex":0,"rotation":0,"texture":"#0"},"west":{"uv":[13.6,12.400001,14.2,13.2],"tintindex":0,"rotation":0,"texture":"#0"},"up":{"uv":[13.6,12.400001,13.400001,11.8],"tintindex":0,"rotation":0,"texture":"#0"},"down":{"uv":[13.8,11.8,13.6,12.400001],"tintindex":0,"rotation":0,"texture":"#0"}}}],"display":{"gui":{"rotation":[30,225,0]}}}