{"textures":{"0":"modelengine:entity/doma"},"elements":[{"from":[5.519981,7.2858677,5.6038623],"to":[10.519981,7.2858677,10.603863],"faces":{"up":{"uv":[15.0,11.6,14.0,10.6],"tintindex":0,"rotation":0,"texture":"#0"},"down":{"uv":[16.0,10.6,15.0,11.6],"tintindex":0,"rotation":0,"texture":"#0"}}},{"from":[7.019981,6.9858685,6.9038625],"to":[9.019981,10.985868,8.903862],"faces":{"east":{"uv":[14.400001,12.400001,14.8,13.2],"tintindex":0,"rotation":0,"texture":"#0"},"south":{"uv":[15.6,12.400001,16.0,13.2],"tintindex":0,"rotation":0,"texture":"#0"},"north":{"uv":[14.8,12.400001,15.2,13.2],"tintindex":0,"rotation":0,"texture":"#0"},"west":{"uv":[15.2,12.400001,15.6,13.2],"tintindex":0,"rotation":0,"texture":"#0"},"up":{"uv":[15.2,12.400001,14.8,12.0],"tintindex":0,"rotation":0,"texture":"#0"},"down":{"uv":[15.6,12.0,15.2,12.400001],"tintindex":0,"rotation":0,"texture":"#0"}},"rotation":{"origin":[8.519981,7.9858685,7.9038625],"angle":0.0,"axis":"z"}}],"display":{"gui":{"rotation":[30,225,0]}}}